title,duration,rating,year,url
The Shawshank Redemption,142,9.3,1994,https://www.imdb.com//title/tt0111161/
The Godfather,175,9.2,1972,https://www.imdb.com//title/tt0068646/
The Dark Knight,152,9.0,2008,https://www.imdb.com//title/tt0468569/
The Lord of the Rings: The Return of the King,201,9.0,2003,https://www.imdb.com//title/tt0167260/
Schindler's List,195,9.0,1993,https://www.imdb.com//title/tt0108052/
The Godfather Part II,202,9.0,1974,https://www.imdb.com//title/tt0071562/
12 Angry Men,96,9.0,1957,https://www.imdb.com//title/tt0050083/
Jai Bhim,164,8.9,2021,https://www.imdb.com//title/tt15097216/
Pulp Fiction,154,8.9,1994,https://www.imdb.com//title/tt0110912/
Vikram,175,8.8,2022,https://www.imdb.com//title/tt9179430/
Inception,148,8.8,2010,https://www.imdb.com//title/tt1375666/
The Lord of the Rings: The Two Towers,179,8.8,2002,https://www.imdb.com//title/tt0167261/
Fight Club,139,8.8,1999,https://www.imdb.com//title/tt0137523/
The Lord of the Rings: The Fellowship of the Ring,178,8.8,2001,https://www.imdb.com//title/tt0120737/
Forrest Gump,142,8.8,1994,https://www.imdb.com//title/tt0109830/
"Il buono, il brutto, il cattivo",161,8.8,1966,https://www.imdb.com//title/tt0060196/
Soorarai Pottru,153,8.7,2020,https://www.imdb.com//title/tt10189514/
The Matrix,136,8.7,1999,https://www.imdb.com//title/tt0133093/
Goodfellas,145,8.7,1990,https://www.imdb.com//title/tt0099685/
The Empire Strikes Back,124,8.7,1980,https://www.imdb.com//title/tt0080684/
One Flew Over the Cuckoo's Nest,133,8.7,1975,https://www.imdb.com//title/tt0073486/
Top Gun: Maverick,130,8.6,2022,https://www.imdb.com//title/tt1745960/
Interstellar,169,8.6,2014,https://www.imdb.com//title/tt0816692/
Cidade de Deus,130,8.6,2002,https://www.imdb.com//title/tt0317248/
Sen to Chihiro no kamikakushi,125,8.6,2001,https://www.imdb.com//title/tt0245429/
Saving Private Ryan,169,8.6,1998,https://www.imdb.com//title/tt0120815/
The Green Mile,189,8.6,1999,https://www.imdb.com//title/tt0120689/
La vita è bella,116,8.6,1997,https://www.imdb.com//title/tt0118799/
Se7en,127,8.6,1995,https://www.imdb.com//title/tt0114369/
Terminator 2: Judgment Day,137,8.6,1991,https://www.imdb.com//title/tt0103064/
The Silence of the Lambs,118,8.6,1991,https://www.imdb.com//title/tt0102926/
Star Wars,121,8.6,1977,https://www.imdb.com//title/tt0076759/
Seppuku,133,8.6,1962,https://www.imdb.com//title/tt0056058/
Shichinin no samurai,207,8.6,1954,https://www.imdb.com//title/tt0047478/
It's a Wonderful Life,130,8.6,1946,https://www.imdb.com//title/tt0038650/
Kaithi,145,8.5,2019,https://www.imdb.com//title/tt9900782/
Asuran,141,8.5,2019,https://www.imdb.com//title/tt9477520/
Gisaengchung,132,8.5,2019,https://www.imdb.com//title/tt6751668/
Whiplash,106,8.5,2014,https://www.imdb.com//title/tt2582802/
The Intouchables,112,8.5,2011,https://www.imdb.com//title/tt1675434/
K.G.F: Chapter 2,168,8.5,2022,https://www.imdb.com//title/tt10698680/
Sardar Udham,164,8.5,2021,https://www.imdb.com//title/tt10280296/
The Prestige,130,8.5,2006,https://www.imdb.com//title/tt0482571/
The Departed,151,8.5,2006,https://www.imdb.com//title/tt0407887/
The Pianist,150,8.5,2002,https://www.imdb.com//title/tt0253474/
Gladiator,155,8.5,2000,https://www.imdb.com//title/tt0172495/
American History X,119,8.5,1998,https://www.imdb.com//title/tt0120586/
The Usual Suspects,106,8.5,1995,https://www.imdb.com//title/tt0114814/
Léon,110,8.5,1994,https://www.imdb.com//title/tt0110413/
The Lion King,88,8.5,1994,https://www.imdb.com//title/tt0110357/
Nuovo Cinema Paradiso,155,8.5,1988,https://www.imdb.com//title/tt0095765/
Hotaru no haka,89,8.5,1988,https://www.imdb.com//title/tt0095327/
Back to the Future,116,8.5,1985,https://www.imdb.com//title/tt0088763/
Apocalypse Now,147,8.5,1979,https://www.imdb.com//title/tt0078788/
Alien,117,8.5,1979,https://www.imdb.com//title/tt0078748/
Once Upon a Time in the West,165,8.5,1968,https://www.imdb.com//title/tt0064116/
Psycho,109,8.5,1960,https://www.imdb.com//title/tt0054215/
Rear Window,112,8.5,1954,https://www.imdb.com//title/tt0047396/
Casablanca,102,8.5,1942,https://www.imdb.com//title/tt0034583/
Modern Times,87,8.5,1936,https://www.imdb.com//title/tt0027977/
City Lights,87,8.5,1931,https://www.imdb.com//title/tt0021749/
Hamilton,160,8.4,2020,https://www.imdb.com//title/tt8503618/
Capharnaüm,126,8.4,2018,https://www.imdb.com//title/tt8267604/
Joker,122,8.4,I) (,https://www.imdb.com//title/tt7286456/
96,158,8.4,II) ,https://www.imdb.com//title/tt7019842/
Kimi no na wa.,106,8.4,2016,https://www.imdb.com//title/tt5311514/
Spider-Man: Into the Spider-Verse,117,8.4,2018,https://www.imdb.com//title/tt4633694/
Avengers: Endgame,181,8.4,2019,https://www.imdb.com//title/tt4154796/
Avengers: Infinity War,149,8.4,2018,https://www.imdb.com//title/tt4154756/
Coco,105,8.4,I) (,https://www.imdb.com//title/tt2380307/
Django Unchained,165,8.4,2012,https://www.imdb.com//title/tt1853728/
The Dark Knight Rises,164,8.4,2012,https://www.imdb.com//title/tt1345836/
Drishyam 2,152,8.4,2021,https://www.imdb.com//title/tt12361178/
3 Idiots,170,8.4,2009,https://www.imdb.com//title/tt1187043/
Shershaah,135,8.4,2021,https://www.imdb.com//title/tt10295212/
WALL·E,98,8.4,2008,https://www.imdb.com//title/tt0910970/
The Lives of Others,137,8.4,2006,https://www.imdb.com//title/tt0405094/
Oldeuboi,101,8.4,2003,https://www.imdb.com//title/tt0364569/
Memento,113,8.4,2000,https://www.imdb.com//title/tt0209144/
American Beauty,122,8.4,1999,https://www.imdb.com//title/tt0169547/
Mononoke-hime,134,8.4,1997,https://www.imdb.com//title/tt0119698/
Braveheart,178,8.4,1995,https://www.imdb.com//title/tt0112573/
Aliens,137,8.4,1986,https://www.imdb.com//title/tt0090605/
Amadeus,160,8.4,1984,https://www.imdb.com//title/tt0086879/
Raiders of the Lost Ark,115,8.4,1981,https://www.imdb.com//title/tt0082971/
Das Boot,149,8.4,1981,https://www.imdb.com//title/tt0082096/
The Shining,146,8.4,1980,https://www.imdb.com//title/tt0081505/
Tengoku to jigoku,143,8.4,1963,https://www.imdb.com//title/tt0057565/
Dr. Strangelove or: How I Learned to Stop Worrying and Love the Bomb,95,8.4,1964,https://www.imdb.com//title/tt0057012/
Witness for the Prosecution,116,8.4,1957,https://www.imdb.com//title/tt0051201/
Paths of Glory,88,8.4,1957,https://www.imdb.com//title/tt0050825/
Sunset Blvd.,110,8.4,1950,https://www.imdb.com//title/tt0043014/
The Great Dictator,125,8.4,1940,https://www.imdb.com//title/tt0032553/
Ratsasan,170,8.3,2018,https://www.imdb.com//title/tt7060344/
Ayla: The Daughter of War,125,8.3,2017,https://www.imdb.com//title/tt6316138/
Dangal,161,8.3,2016,https://www.imdb.com//title/tt5074352/
Drishyam,160,8.3,2013,https://www.imdb.com//title/tt3417422/
Jagten,115,8.3,2012,https://www.imdb.com//title/tt2106476/
Jodaeiye Nader az Simin,123,8.3,2011,https://www.imdb.com//title/tt1832382/
Incendies,131,8.3,2010,https://www.imdb.com//title/tt1255953/
Spider-Man: No Way Home,148,8.3,2021,https://www.imdb.com//title/tt10872600/
Up,96,8.3,2009,https://www.imdb.com//title/tt1049413/
Taare Zameen Par,165,8.3,2007,https://www.imdb.com//title/tt0986264/
Toy Story 3,103,8.3,2010,https://www.imdb.com//title/tt0435761/
Inglourious Basterds,153,8.3,2009,https://www.imdb.com//title/tt0361748/
Eternal Sunshine of the Spotless Mind,108,8.3,2004,https://www.imdb.com//title/tt0338013/
Le fabuleux destin d'Amélie Poulain,122,8.3,2001,https://www.imdb.com//title/tt0211915/
Snatch,104,8.3,2000,https://www.imdb.com//title/tt0208092/
Requiem for a Dream,102,8.3,2000,https://www.imdb.com//title/tt0180093/
Good Will Hunting,126,8.3,1997,https://www.imdb.com//title/tt0119217/
Toy Story,81,8.3,1995,https://www.imdb.com//title/tt0114709/
Heat,170,8.3,1995,https://www.imdb.com//title/tt0113277/
Reservoir Dogs,99,8.3,1992,https://www.imdb.com//title/tt0105236/
Full Metal Jacket,116,8.3,1987,https://www.imdb.com//title/tt0093058/
Idi i smotri,142,8.3,1985,https://www.imdb.com//title/tt0091251/
Once Upon a Time in America,229,8.3,1984,https://www.imdb.com//title/tt0087843/
Scarface,170,8.3,1983,https://www.imdb.com//title/tt0086250/
Star Wars: Episode VI - Return of the Jedi,131,8.3,1983,https://www.imdb.com//title/tt0086190/
The Sting,129,8.3,1973,https://www.imdb.com//title/tt0070735/
A Clockwork Orange,136,8.3,1971,https://www.imdb.com//title/tt0066921/
2001: A Space Odyssey,149,8.3,1968,https://www.imdb.com//title/tt0062622/
To Kill a Mockingbird,129,8.3,1962,https://www.imdb.com//title/tt0056592/
Lawrence of Arabia,218,8.3,1962,https://www.imdb.com//title/tt0056172/
Judgment at Nuremberg,179,8.3,1961,https://www.imdb.com//title/tt0055031/
The Apartment,125,8.3,1960,https://www.imdb.com//title/tt0053604/
North by Northwest,136,8.3,1959,https://www.imdb.com//title/tt0053125/
Vertigo,128,8.3,1958,https://www.imdb.com//title/tt0052357/
Pather Panchali,125,8.3,1955,https://www.imdb.com//title/tt0048473/
Singin' in the Rain,103,8.3,1952,https://www.imdb.com//title/tt0045152/
Ikiru,143,8.3,1952,https://www.imdb.com//title/tt0044741/
Ladri di biciclette,89,8.3,1948,https://www.imdb.com//title/tt0040522/
Double Indemnity,107,8.3,1944,https://www.imdb.com//title/tt0036775/
Citizen Kane,119,8.3,1941,https://www.imdb.com//title/tt0033467/
M - Eine Stadt sucht einen Mörder,117,8.3,1931,https://www.imdb.com//title/tt0022100/
Metropolis,153,8.3,1927,https://www.imdb.com//title/tt0017136/
The Kid,68,8.3,1921,https://www.imdb.com//title/tt0012349/
Chhichhore,143,8.2,2019,https://www.imdb.com//title/tt9052870/
1917,119,8.2,2019,https://www.imdb.com//title/tt8579674/
Uri: The Surgical Strike,138,8.2,2019,https://www.imdb.com//title/tt8291224/
Tumbbad,104,8.2,2018,https://www.imdb.com//title/tt8239946/
Andhadhun,139,8.2,2018,https://www.imdb.com//title/tt8108198/
K.G.F: Chapter 1,156,8.2,2018,https://www.imdb.com//title/tt7838252/
Green Book,130,8.2,2018,https://www.imdb.com//title/tt6966692/
Everything Everywhere All at Once,139,8.2,2022,https://www.imdb.com//title/tt6710474/
Vikram Vedha,147,8.2,2017,https://www.imdb.com//title/tt6148156/
Baahubali 2: The Conclusion,167,8.2,2017,https://www.imdb.com//title/tt4849438/
Drishyam,163,8.2,2015,https://www.imdb.com//title/tt4430212/
Bhaag Milkha Bhaag,186,8.2,2013,https://www.imdb.com//title/tt2356180/
Inside Out,95,8.2,I) (,https://www.imdb.com//title/tt2096673/
Gangs of Wasseypur,321,8.2,2012,https://www.imdb.com//title/tt1954470/
Paan Singh Tomar,135,8.2,2012,https://www.imdb.com//title/tt1620933/
El secreto de sus ojos,129,8.2,2009,https://www.imdb.com//title/tt1305806/
Warrior,140,8.2,2011,https://www.imdb.com//title/tt1291584/
Shutter Island,138,8.2,2010,https://www.imdb.com//title/tt1130884/
Kimetsu no Yaiba: Mugen Ressha-Hen,117,8.2,2020,https://www.imdb.com//title/tt11032374/
Miracle in Cell No. 7,132,8.2,2019,https://www.imdb.com//title/tt10431500/
Article 15,130,8.2,2019,https://www.imdb.com//title/tt10324144/
The Father,97,8.2,I) (,https://www.imdb.com//title/tt10272386/
The Wolf of Wall Street,180,8.2,2013,https://www.imdb.com//title/tt0993846/
No Country for Old Men,122,8.2,2007,https://www.imdb.com//title/tt0477348/
Babam ve Oglum,112,8.2,2005,https://www.imdb.com//title/tt0476735/
There Will Be Blood,158,8.2,2007,https://www.imdb.com//title/tt0469494/
Pan's Labyrinth,118,8.2,2006,https://www.imdb.com//title/tt0457430/
V for Vendetta,132,8.2,2006,https://www.imdb.com//title/tt0434409/
Batman Begins,140,8.2,2005,https://www.imdb.com//title/tt0372784/
Der Untergang,156,8.2,2004,https://www.imdb.com//title/tt0363163/
Hauru no ugoku shiro,119,8.2,2004,https://www.imdb.com//title/tt0347149/
A Beautiful Mind,135,8.2,2001,https://www.imdb.com//title/tt0268978/
Kill Bill: Vol. 1,111,8.2,2003,https://www.imdb.com//title/tt0266697/
Finding Nemo,100,8.2,2003,https://www.imdb.com//title/tt0266543/
The Sixth Sense,107,8.2,1999,https://www.imdb.com//title/tt0167404/
"Lock, Stock and Two Smoking Barrels",107,8.2,1998,https://www.imdb.com//title/tt0120735/
The Truman Show,103,8.2,1998,https://www.imdb.com//title/tt0120382/
L.A. Confidential,138,8.2,1997,https://www.imdb.com//title/tt0119488/
Bacheha-Ye aseman,89,8.2,1997,https://www.imdb.com//title/tt0118849/
Casino,178,8.2,1995,https://www.imdb.com//title/tt0112641/
Jurassic Park,127,8.2,1993,https://www.imdb.com//title/tt0107290/
Unforgiven,130,8.2,1992,https://www.imdb.com//title/tt0105695/
Indiana Jones and the Last Crusade,127,8.2,1989,https://www.imdb.com//title/tt0097576/
Die Hard,132,8.2,1988,https://www.imdb.com//title/tt0095016/
Ran,162,8.2,1985,https://www.imdb.com//title/tt0089881/
The Thing,109,8.2,1982,https://www.imdb.com//title/tt0084787/
Raging Bull,129,8.2,1980,https://www.imdb.com//title/tt0081398/
The Elephant Man,124,8.2,1980,https://www.imdb.com//title/tt0080678/
Taxi Driver,114,8.2,1976,https://www.imdb.com//title/tt0075314/
Monty Python and the Holy Grail,91,8.2,1975,https://www.imdb.com//title/tt0071853/
Dersu Uzala,142,8.2,1975,https://www.imdb.com//title/tt0071411/
Chinatown,130,8.2,1974,https://www.imdb.com//title/tt0071315/
Z,127,8.2,1969,https://www.imdb.com//title/tt0065234/
Per qualche dollaro in più,132,8.2,1965,https://www.imdb.com//title/tt0059578/
The Great Escape,172,8.2,1963,https://www.imdb.com//title/tt0057115/
Yôjinbô,110,8.2,1961,https://www.imdb.com//title/tt0055630/
Some Like It Hot,121,8.2,1959,https://www.imdb.com//title/tt0053291/
The Bridge on the River Kwai,161,8.2,1957,https://www.imdb.com//title/tt0050212/
Dial M for Murder,105,8.2,1954,https://www.imdb.com//title/tt0046912/
Tôkyô monogatari,136,8.2,1953,https://www.imdb.com//title/tt0046438/
Le salaire de la peur,131,8.2,1953,https://www.imdb.com//title/tt0046268/
Umberto D.,89,8.2,1952,https://www.imdb.com//title/tt0045274/
Rashômon,88,8.2,1950,https://www.imdb.com//title/tt0042876/
All About Eve,138,8.2,1950,https://www.imdb.com//title/tt0042192/
The Treasure of the Sierra Madre,126,8.2,1948,https://www.imdb.com//title/tt0040897/
To Be or Not to Be,99,8.2,1942,https://www.imdb.com//title/tt0035446/
Gone with the Wind,238,8.2,1939,https://www.imdb.com//title/tt0031381/
La passion de Jeanne d'Arc,110,8.2,1928,https://www.imdb.com//title/tt0019254/
The General,67,8.2,1926,https://www.imdb.com//title/tt0017925/
The Gold Rush,95,8.2,1925,https://www.imdb.com//title/tt0015864/
Sherlock Jr.,45,8.2,1924,https://www.imdb.com//title/tt0015324/
Portrait de la jeune fille en feu,122,8.1,2019,https://www.imdb.com//title/tt8613070/
Pink,136,8.1,III),https://www.imdb.com//title/tt5571734/
Koe no katachi,130,8.1,2016,https://www.imdb.com//title/tt5323662/
"Three Billboards Outside Ebbing, Missouri",115,8.1,2017,https://www.imdb.com//title/tt5027774/
Talvar,132,8.1,2015,https://www.imdb.com//title/tt4934950/
Klaus,96,8.1,2019,https://www.imdb.com//title/tt4729430/
Masaan,109,8.1,2015,https://www.imdb.com//title/tt4635372/
Ah-ga-ssi,145,8.1,2016,https://www.imdb.com//title/tt4016934/
Bajrangi Bhaijaan,163,8.1,2015,https://www.imdb.com//title/tt3863552/
Haider,160,8.1,2014,https://www.imdb.com//title/tt3390572/
Queen,146,8.1,2013,https://www.imdb.com//title/tt3322420/
Logan,137,8.1,2017,https://www.imdb.com//title/tt3315342/
Room,118,8.1,I) (,https://www.imdb.com//title/tt3170832/
Relatos salvajes,122,8.1,2014,https://www.imdb.com//title/tt3011894/
Mandariinid,87,8.1,2013,https://www.imdb.com//title/tt2991224/
PK,153,8.1,2014,https://www.imdb.com//title/tt2338151/
OMG: Oh My God!,125,8.1,2012,https://www.imdb.com//title/tt2283748/
The Grand Budapest Hotel,99,8.1,2014,https://www.imdb.com//title/tt2278388/
Gone Girl,149,8.1,2014,https://www.imdb.com//title/tt2267998/
Ôkami kodomo no Ame to Yuki,117,8.1,2012,https://www.imdb.com//title/tt2140203/
Hacksaw Ridge,139,8.1,2016,https://www.imdb.com//title/tt2119532/
Barfi!,151,8.1,2012,https://www.imdb.com//title/tt2082197/
12 Years a Slave,134,8.1,2013,https://www.imdb.com//title/tt2024544/
Rush,123,8.1,I) (,https://www.imdb.com//title/tt1979320/
Ford v Ferrari,152,8.1,2019,https://www.imdb.com//title/tt1950186/
Spotlight,129,8.1,I) (,https://www.imdb.com//title/tt1895587/
Kahaani,122,8.1,2012,https://www.imdb.com//title/tt1821480/
Udaan,134,8.1,2010,https://www.imdb.com//title/tt1639426/
Zindagi Na Milegi Dobara,155,8.1,2011,https://www.imdb.com//title/tt1562872/
The Help,146,8.1,2011,https://www.imdb.com//title/tt1454029/
Prisoners,153,8.1,2013,https://www.imdb.com//title/tt1392214/
Mad Max: Fury Road,120,8.1,2015,https://www.imdb.com//title/tt1392190/
A Wednesday,104,8.1,2008,https://www.imdb.com//title/tt1280558/
Gran Torino,116,8.1,2008,https://www.imdb.com//title/tt1205489/
Harry Potter and the Deathly Hallows: Part 2,130,8.1,2011,https://www.imdb.com//title/tt1201607/
Hachi: A Dog's Tale,93,8.1,2009,https://www.imdb.com//title/tt1028532/
Mary and Max.,92,8.1,2009,https://www.imdb.com//title/tt0978762/
How to Train Your Dragon,98,8.1,2010,https://www.imdb.com//title/tt0892769/
Chak De! India,153,8.1,2007,https://www.imdb.com//title/tt0871510/
Into the Wild,148,8.1,2007,https://www.imdb.com//title/tt0758758/
Rang De Basanti,167,8.1,2006,https://www.imdb.com//title/tt0405508/
Million Dollar Baby,132,8.1,2004,https://www.imdb.com//title/tt0405159/
Hotel Rwanda,121,8.1,2004,https://www.imdb.com//title/tt0395169/
Ratatouille,111,8.1,2007,https://www.imdb.com//title/tt0382932/
Before Sunset,80,8.1,2004,https://www.imdb.com//title/tt0381681/
Black,122,8.1,2005,https://www.imdb.com//title/tt0375611/
Munna Bhai M.B.B.S.,156,8.1,2003,https://www.imdb.com//title/tt0374887/
"Swades: We, the People",210,8.1,2004,https://www.imdb.com//title/tt0367110/
Salinui chueok,131,8.1,2003,https://www.imdb.com//title/tt0353969/
Pirates of the Caribbean: The Curse of the Black Pearl,143,8.1,2003,https://www.imdb.com//title/tt0325980/
Dil Chahta Hai,183,8.1,2001,https://www.imdb.com//title/tt0292490/
Catch Me If You Can,141,8.1,2002,https://www.imdb.com//title/tt0264464/
Her Sey Çok Güzel Olacak,107,8.1,1998,https://www.imdb.com//title/tt0263438/
Amores perros,154,8.1,2000,https://www.imdb.com//title/tt0245712/
Hera Pheri,156,8.1,2000,https://www.imdb.com//title/tt0242519/
Sarfarosh,174,8.1,1999,https://www.imdb.com//title/tt0200087/
"Monsters, Inc.",92,8.1,2001,https://www.imdb.com//title/tt0198781/
Lagaan: Once Upon a Time in India,224,8.1,2001,https://www.imdb.com//title/tt0169102/
Festen,105,8.1,1998,https://www.imdb.com//title/tt0154420/
The Iron Giant,86,8.1,1999,https://www.imdb.com//title/tt0129167/
The Big Lebowski,117,8.1,1998,https://www.imdb.com//title/tt0118715/
Fa Yeung Nin Wah,98,8.1,2000,https://www.imdb.com//title/tt0118694/
Trainspotting,93,8.1,1996,https://www.imdb.com//title/tt0117951/
Fargo,98,8.1,1996,https://www.imdb.com//title/tt0116282/
Eskiya,128,8.1,1996,https://www.imdb.com//title/tt0116231/
Underground,170,8.1,1995,https://www.imdb.com//title/tt0114787/
La haine,98,8.1,1995,https://www.imdb.com//title/tt0113247/
Before Sunrise,101,8.1,1995,https://www.imdb.com//title/tt0112471/
Trois couleurs: Rouge,99,8.1,1994,https://www.imdb.com//title/tt0111495/
In the Name of the Father,133,8.1,1993,https://www.imdb.com//title/tt0107207/
Groundhog Day,101,8.1,1993,https://www.imdb.com//title/tt0107048/
Ba wang bie ji,171,8.1,1993,https://www.imdb.com//title/tt0106332/
Da hong deng long gao gao gua,125,8.1,1991,https://www.imdb.com//title/tt0101640/
Dom za vesanje,142,8.1,1988,https://www.imdb.com//title/tt0097223/
Dead Poets Society,128,8.1,1989,https://www.imdb.com//title/tt0097165/
Tonari no Totoro,86,8.1,1988,https://www.imdb.com//title/tt0096283/
Stand by Me,89,8.1,1986,https://www.imdb.com//title/tt0092005/
Platoon,120,8.1,1986,https://www.imdb.com//title/tt0091763/
Jean de Florette,120,8.1,1986,https://www.imdb.com//title/tt0091288/
The Terminator,107,8.1,1984,https://www.imdb.com//title/tt0088247/
Gandhi,191,8.1,1982,https://www.imdb.com//title/tt0083987/
Fanny och Alexander,188,8.1,1982,https://www.imdb.com//title/tt0083922/
Blade Runner,117,8.1,1982,https://www.imdb.com//title/tt0083658/
Stalker,162,8.1,1979,https://www.imdb.com//title/tt0079944/
Höstsonaten,99,8.1,1978,https://www.imdb.com//title/tt0077711/
The Deer Hunter,183,8.1,1978,https://www.imdb.com//title/tt0077416/
Rocky,120,8.1,1976,https://www.imdb.com//title/tt0075148/
Network,121,8.1,1976,https://www.imdb.com//title/tt0074958/
The Message,177,8.1,1976,https://www.imdb.com//title/tt0074896/
Sholay,204,8.1,1975,https://www.imdb.com//title/tt0073707/
Jaws,124,8.1,1975,https://www.imdb.com//title/tt0073195/
Barry Lyndon,185,8.1,1975,https://www.imdb.com//title/tt0072684/
Paper Moon,102,8.1,1973,https://www.imdb.com//title/tt0070510/
The Exorcist,122,8.1,1973,https://www.imdb.com//title/tt0070047/
Anand,122,8.1,1971,https://www.imdb.com//title/tt0066763/
Cool Hand Luke,127,8.1,1967,https://www.imdb.com//title/tt0061512/
Persona,85,8.1,1966,https://www.imdb.com//title/tt0060827/
The Sound of Music,172,8.1,1965,https://www.imdb.com//title/tt0059742/
La battaglia di Algeri,121,8.1,1966,https://www.imdb.com//title/tt0058946/
The Man Who Shot Liberty Valance,123,8.1,1962,https://www.imdb.com//title/tt0056217/
Jungfrukällan,89,8.1,1960,https://www.imdb.com//title/tt0053976/
Inherit the Wind,128,8.1,1960,https://www.imdb.com//title/tt0053946/
Les quatre cents coups,99,8.1,1959,https://www.imdb.com//title/tt0053198/
Ben-Hur,212,8.1,1959,https://www.imdb.com//title/tt0052618/
Kakushi-toride no san-akunin,139,8.1,1958,https://www.imdb.com//title/tt0051808/
Smultronstället,91,8.1,1957,https://www.imdb.com//title/tt0050986/
Det sjunde inseglet,96,8.1,1957,https://www.imdb.com//title/tt0050976/
Le notti di Cabiria,110,8.1,1957,https://www.imdb.com//title/tt0050783/
Kumonosu-jô,110,8.1,1957,https://www.imdb.com//title/tt0050613/
Du rififi chez les hommes,118,8.1,1955,https://www.imdb.com//title/tt0048021/
On the Waterfront,108,8.1,1954,https://www.imdb.com//title/tt0047296/
Les diaboliques,117,8.1,1955,https://www.imdb.com//title/tt0046911/
Ace in the Hole,111,8.1,1951,https://www.imdb.com//title/tt0043338/
White Heat,114,8.1,1949,https://www.imdb.com//title/tt0042041/
The Third Man,104,8.1,1949,https://www.imdb.com//title/tt0041959/
The Red Shoes,135,8.1,1948,https://www.imdb.com//title/tt0040725/
The Best Years of Our Lives,170,8.1,1946,https://www.imdb.com//title/tt0036868/
The Shop Around the Corner,99,8.1,1940,https://www.imdb.com//title/tt0033045/
Rebecca,130,8.1,1940,https://www.imdb.com//title/tt0032976/
The Grapes of Wrath,129,8.1,1940,https://www.imdb.com//title/tt0032551/
The Wizard of Oz,102,8.1,1939,https://www.imdb.com//title/tt0032138/
Mr. Smith Goes to Washington,129,8.1,1939,https://www.imdb.com//title/tt0031679/
La Grande Illusion,113,8.1,1937,https://www.imdb.com//title/tt0028950/
It Happened One Night,105,8.1,1934,https://www.imdb.com//title/tt0025316/
All Quiet on the Western Front,152,8.1,1930,https://www.imdb.com//title/tt0020629/
The Circus,72,8.1,1928,https://www.imdb.com//title/tt0018773/
Sunrise: A Song of Two Humans,94,8.1,1927,https://www.imdb.com//title/tt0018455/
RRR (Rise Roar Revolt),187,8.0,2022,https://www.imdb.com//title/tt8178634/
Badhaai ho,124,8.0,2018,https://www.imdb.com//title/tt7725596/
WolfWalkers,103,8.0,2020,https://www.imdb.com//title/tt5198068/
Contratiempo,106,8.0,2016,https://www.imdb.com//title/tt4857264/
La La Land,128,8.0,2016,https://www.imdb.com//title/tt3783958/
Lion,118,8.0,2016,https://www.imdb.com//title/tt3741834/
The Martian,144,8.0,2015,https://www.imdb.com//title/tt3659388/
Mommy,139,8.0,I) (,https://www.imdb.com//title/tt3612616/
Soul,100,8.0,2020,https://www.imdb.com//title/tt2948372/
Zootopia,108,8.0,2016,https://www.imdb.com//title/tt2948356/
Kis Uykusu,196,8.0,2014,https://www.imdb.com//title/tt2758880/
Bãhubali: The Beginning,159,8.0,2015,https://www.imdb.com//title/tt2631186/
Kaguya-hime no monogatari,137,8.0,2013,https://www.imdb.com//title/tt2576852/
Special Chabbis,144,8.0,2013,https://www.imdb.com//title/tt2377938/
The Imitation Game,114,8.0,2014,https://www.imdb.com//title/tt2084970/
Guardians of the Galaxy,121,8.0,2014,https://www.imdb.com//title/tt2015381/
Song of the Sea,93,8.0,2014,https://www.imdb.com//title/tt1865505/
Blade Runner 2049,164,8.0,2017,https://www.imdb.com//title/tt1856101/
Her,126,8.0,2013,https://www.imdb.com//title/tt1798709/
The Revenant,156,8.0,2015,https://www.imdb.com//title/tt1663202/
The Perks of Being a Wallflower,103,8.0,2012,https://www.imdb.com//title/tt1659337/
Tropa de Elite 2: O Inimigo Agora é Outro,115,8.0,2010,https://www.imdb.com//title/tt1555149/
The King's Speech,118,8.0,2010,https://www.imdb.com//title/tt1504320/
Deadpool,108,8.0,2016,https://www.imdb.com//title/tt1431045/
Zack Snyder's Justice League,242,8.0,2021,https://www.imdb.com//title/tt12361974/
Ip Man,106,8.0,2008,https://www.imdb.com//title/tt1220719/
Dune: Part One,155,8.0,2021,https://www.imdb.com//title/tt1160419/
Okuribito,130,8.0,2008,https://www.imdb.com//title/tt1069238/
CODA,111,8.0,2021,https://www.imdb.com//title/tt10366460/
Slumdog Millionaire,120,8.0,2008,https://www.imdb.com//title/tt1010048/
Black Swan,108,8.0,2010,https://www.imdb.com//title/tt0947798/
Tropa de Elite,115,8.0,2007,https://www.imdb.com//title/tt0861739/
The Avengers,143,8.0,2012,https://www.imdb.com//title/tt0848228/
Persepolis,96,8.0,2007,https://www.imdb.com//title/tt0808417/
Lage Raho Munna Bhai,144,8.0,2006,https://www.imdb.com//title/tt0456144/
The Pursuit of Happyness,117,8.0,2006,https://www.imdb.com//title/tt0454921/
Blood Diamond,143,8.0,2006,https://www.imdb.com//title/tt0450259/
The Bourne Ultimatum,115,8.0,2007,https://www.imdb.com//title/tt0440963/
Dare mo shiranai,141,8.0,2004,https://www.imdb.com//title/tt0408664/
Sin City,124,8.0,2005,https://www.imdb.com//title/tt0401792/
Le scaphandre et le papillon,112,8.0,2007,https://www.imdb.com//title/tt0401383/
Taegukgi hwinalrimyeo,140,8.0,2004,https://www.imdb.com//title/tt0386064/
G.O.R.A.,127,8.0,2004,https://www.imdb.com//title/tt0384116/
Casino Royale,144,8.0,2006,https://www.imdb.com//title/tt0381061/
Kill Bill: Vol. 2,137,8.0,2004,https://www.imdb.com//title/tt0378194/
Bom yeoreum gaeul gyeoul geurigo bom,103,8.0,2003,https://www.imdb.com//title/tt0374546/
Mar adentro,126,8.0,I) (,https://www.imdb.com//title/tt0369702/
Cinderella Man,144,8.0,2005,https://www.imdb.com//title/tt0352248/
Mou gaan dou,101,8.0,2002,https://www.imdb.com//title/tt0338564/
Big Fish,125,8.0,2003,https://www.imdb.com//title/tt0319061/
The Incredibles,115,8.0,2004,https://www.imdb.com//title/tt0317705/
Yeopgijeogin geunyeo,137,8.0,2001,https://www.imdb.com//title/tt0293715/
Dogville,178,8.0,2003,https://www.imdb.com//title/tt0276919/
Vizontele,110,8.0,2001,https://www.imdb.com//title/tt0270053/
Donnie Darko,113,8.0,2001,https://www.imdb.com//title/tt0246578/
Magnolia,188,8.0,1999,https://www.imdb.com//title/tt0175880/
"Shin seiki Evangelion Gekijô-ban: Air/Magokoro wo, kimi ni",87,8.0,1997,https://www.imdb.com//title/tt0169858/
The Straight Story,112,8.0,1999,https://www.imdb.com//title/tt0166896/
Pâfekuto burû,81,8.0,1997,https://www.imdb.com//title/tt0156887/
Central do Brasil,110,8.0,1998,https://www.imdb.com//title/tt0140888/
La leggenda del pianista sull'oceano,169,8.0,1998,https://www.imdb.com//title/tt0120731/
"Crna macka, beli macor",127,8.0,1998,https://www.imdb.com//title/tt0118843/
Sling Blade,135,8.0,1996,https://www.imdb.com//title/tt0117666/
Secrets & Lies,136,8.0,1996,https://www.imdb.com//title/tt0117589/
Twelve Monkeys,129,8.0,1995,https://www.imdb.com//title/tt0114746/
Dilwale Dulhania Le Jayenge,189,8.0,1995,https://www.imdb.com//title/tt0112870/
Chung Hing sam lam,102,8.0,1994,https://www.imdb.com//title/tt0109424/
Andaz Apna Apna,160,8.0,1994,https://www.imdb.com//title/tt0109117/
Scent of a Woman,156,8.0,1992,https://www.imdb.com//title/tt0105323/
Aladdin,90,8.0,1992,https://www.imdb.com//title/tt0103639/
JFK,189,8.0,1991,https://www.imdb.com//title/tt0102138/
Beauty and the Beast,84,8.0,1991,https://www.imdb.com//title/tt0101414/
Dances with Wolves,181,8.0,1990,https://www.imdb.com//title/tt0099348/
Rain Man,133,8.0,1988,https://www.imdb.com//title/tt0095953/
Akira,124,8.0,1988,https://www.imdb.com//title/tt0094625/
The Princess Bride,98,8.0,1987,https://www.imdb.com//title/tt0093779/
Der Himmel über Berlin,128,8.0,1987,https://www.imdb.com//title/tt0093191/
Au revoir les enfants,104,8.0,1987,https://www.imdb.com//title/tt0092593/
Tenkû no shiro Rapyuta,125,8.0,1986,https://www.imdb.com//title/tt0092067/
"Paris, Texas",145,8.0,1984,https://www.imdb.com//title/tt0087884/
Kaze no tani no Naushika,117,8.0,1984,https://www.imdb.com//title/tt0087544/
Nostalgia,125,8.0,1983,https://www.imdb.com//title/tt0086022/
Pink Floyd: The Wall,95,8.0,1982,https://www.imdb.com//title/tt0084503/
Fitzcarraldo,158,8.0,1982,https://www.imdb.com//title/tt0083946/
Life of Brian,94,8.0,1979,https://www.imdb.com//title/tt0079470/
Being There,130,8.0,1979,https://www.imdb.com//title/tt0078841/
Annie Hall,93,8.0,1977,https://www.imdb.com//title/tt0075686/
Dog Day Afternoon,125,8.0,1975,https://www.imdb.com//title/tt0072890/
Zerkalo,107,8.0,1975,https://www.imdb.com//title/tt0072443/
Young Frankenstein,106,8.0,1974,https://www.imdb.com//title/tt0072431/
Papillon,151,8.0,1973,https://www.imdb.com//title/tt0070511/
Viskningar och rop,91,8.0,1972,https://www.imdb.com//title/tt0069467/
Solaris,167,8.0,1972,https://www.imdb.com//title/tt0069293/
Sleuth,138,8.0,1972,https://www.imdb.com//title/tt0069281/
The Last Picture Show,118,8.0,1971,https://www.imdb.com//title/tt0067328/
Fiddler on the Roof,181,8.0,1971,https://www.imdb.com//title/tt0067093/
Butch Cassidy and the Sundance Kid,110,8.0,1969,https://www.imdb.com//title/tt0064115/
Rosemary's Baby,137,8.0,1968,https://www.imdb.com//title/tt0063522/
Planet of the Apes,112,8.0,1968,https://www.imdb.com//title/tt0063442/
Le Samouraï,105,8.0,1967,https://www.imdb.com//title/tt0062229/
The Graduate,106,8.0,1967,https://www.imdb.com//title/tt0061722/
Who's Afraid of Virginia Woolf?,131,8.0,1966,https://www.imdb.com//title/tt0061184/
Andrei Rublev,205,8.0,1966,https://www.imdb.com//title/tt0060107/
Il gattopardo,186,8.0,1963,https://www.imdb.com//title/tt0057091/
8½,138,8.0,1963,https://www.imdb.com//title/tt0056801/
El ángel exterminador,95,8.0,1962,https://www.imdb.com//title/tt0056732/
What Ever Happened to Baby Jane?,134,8.0,1962,https://www.imdb.com//title/tt0056687/
Sanjuro,96,8.0,1962,https://www.imdb.com//title/tt0056443/
Ivanovo detstvo,95,8.0,1962,https://www.imdb.com//title/tt0056111/
The Hustler,134,8.0,1961,https://www.imdb.com//title/tt0054997/
La dolce vita,174,8.0,1960,https://www.imdb.com//title/tt0053779/
Rio Bravo,141,8.0,1959,https://www.imdb.com//title/tt0053221/
Anatomy of a Murder,161,8.0,1959,https://www.imdb.com//title/tt0052561/
Touch of Evil,95,8.0,1958,https://www.imdb.com//title/tt0052311/
Sweet Smell of Success,96,8.0,1957,https://www.imdb.com//title/tt0051036/
The Killing,84,8.0,1956,https://www.imdb.com//title/tt0049406/
The Night of the Hunter,92,8.0,1955,https://www.imdb.com//title/tt0048424/
La Strada,108,8.0,1954,https://www.imdb.com//title/tt0047528/
Stalag 17,120,8.0,1953,https://www.imdb.com//title/tt0046359/
Roman Holiday,118,8.0,1953,https://www.imdb.com//title/tt0046250/
High Noon,85,8.0,1952,https://www.imdb.com//title/tt0044706/
Kind Hearts and Coronets,106,8.0,1949,https://www.imdb.com//title/tt0041546/
Out of the Past,97,8.0,1947,https://www.imdb.com//title/tt0039689/
Roma città aperta,103,8.0,1945,https://www.imdb.com//title/tt0038890/
Mildred Pierce,111,8.0,1945,https://www.imdb.com//title/tt0037913/
Brief Encounter,86,8.0,1945,https://www.imdb.com//title/tt0037558/
The Maltese Falcon,100,8.0,1941,https://www.imdb.com//title/tt0033870/
Bronenosets Potemkin,75,8.0,1925,https://www.imdb.com//title/tt0015648/
Das Cabinet des Dr. Caligari,76,8.0,1920,https://www.imdb.com//title/tt0010323/
Knives Out,130,7.9,2019,https://www.imdb.com//title/tt8946378/
Manbiki kazoku,121,7.9,2018,https://www.imdb.com//title/tt8075192/
Marriage Story,137,7.9,2019,https://www.imdb.com//title/tt7653254/
Super 30,154,7.9,2019,https://www.imdb.com//title/tt7485048/
Padman,140,7.9,2018,https://www.imdb.com//title/tt7218518/
Togo,113,7.9,2019,https://www.imdb.com//title/tt5116302/
Airlift,130,7.9,2016,https://www.imdb.com//title/tt4387040/
M.S. Dhoni: The Untold Story,184,7.9,2016,https://www.imdb.com//title/tt4169250/
Baby,159,7.9,I) (,https://www.imdb.com//title/tt3848892/
Sing Street,106,7.9,2016,https://www.imdb.com//title/tt3544112/
Thor: Ragnarok,130,7.9,2017,https://www.imdb.com//title/tt3501632/
Jojo Rabbit,108,7.9,2019,https://www.imdb.com//title/tt2584384/
Wonder,113,7.9,I) (,https://www.imdb.com//title/tt2543472/
Arrival,116,7.9,II) ,https://www.imdb.com//title/tt2543164/
Gully Boy,154,7.9,2019,https://www.imdb.com//title/tt2395469/
Short Term 12,96,7.9,2013,https://www.imdb.com//title/tt2370248/
Serbuan maut 2: Berandal,150,7.9,2014,https://www.imdb.com//title/tt2265171/
Before Midnight,109,7.9,2013,https://www.imdb.com//title/tt2209418/
X-Men: Days of Future Past,132,7.9,2014,https://www.imdb.com//title/tt1877832/
The Batman,176,7.9,2022,https://www.imdb.com//title/tt1877830/
Bohemian Rhapsody,134,7.9,2018,https://www.imdb.com//title/tt1727824/
Hoje Eu Quero Voltar Sozinho,96,7.9,2014,https://www.imdb.com//title/tt1702014/
The Artist,100,7.9,I) (,https://www.imdb.com//title/tt1655442/
Edge of Tomorrow,113,7.9,2014,https://www.imdb.com//title/tt1631867/
Amour,127,7.9,2012,https://www.imdb.com//title/tt1602620/
Darbareye Elly,119,7.9,2009,https://www.imdb.com//title/tt1360860/
Dev.D,144,7.9,2009,https://www.imdb.com//title/tt1327035/
My Name Is Khan,165,7.9,2010,https://www.imdb.com//title/tt1188996/
Nefes: Vatan Sagolsun,128,7.9,2009,https://www.imdb.com//title/tt1171701/
Låt den rätte komma in,114,7.9,2008,https://www.imdb.com//title/tt1139797/
District 9,112,7.9,2009,https://www.imdb.com//title/tt1136608/
The Wrestler,109,7.9,2008,https://www.imdb.com//title/tt1125849/
Jab We Met,138,7.9,2007,https://www.imdb.com//title/tt1093370/
Boyhood,165,7.9,I) (,https://www.imdb.com//title/tt1065073/
Verdens verste menneske,128,7.9,2021,https://www.imdb.com//title/tt10370710/
"4 luni, 3 saptamâni si 2 zile",113,7.9,2007,https://www.imdb.com//title/tt1032846/
Star Trek,127,7.9,2009,https://www.imdb.com//title/tt0796366/
Dallas Buyers Club,117,7.9,2013,https://www.imdb.com//title/tt0790636/
In Bruges,107,7.9,2008,https://www.imdb.com//title/tt0780536/
The Man from Earth,87,7.9,2007,https://www.imdb.com//title/tt0756683/
Letters from Iwo Jima,141,7.9,2006,https://www.imdb.com//title/tt0498380/
Life of Pi,127,7.9,2012,https://www.imdb.com//title/tt0454876/
Fantastic Mr. Fox,87,7.9,2009,https://www.imdb.com//title/tt0432283/
Bin-jip,88,7.9,2004,https://www.imdb.com//title/tt0423866/
C.R.A.Z.Y.,129,7.9,2005,https://www.imdb.com//title/tt0401085/
Vozvrashchenie,110,7.9,2003,https://www.imdb.com//title/tt0376968/
Iron Man,126,7.9,2008,https://www.imdb.com//title/tt0371746/
Shaun of the Dead,99,7.9,2004,https://www.imdb.com//title/tt0365748/
Kal Ho Naa Ho,186,7.9,2003,https://www.imdb.com//title/tt0347304/
Gegen die Wand,121,7.9,2004,https://www.imdb.com//title/tt0347048/
Mystic River,138,7.9,2003,https://www.imdb.com//title/tt0327056/
Harry Potter and the Prisoner of Azkaban,142,7.9,2004,https://www.imdb.com//title/tt0304141/
Ying xiong,120,7.9,2002,https://www.imdb.com//title/tt0299977/
Hable con ella,112,7.9,2002,https://www.imdb.com//title/tt0287467/
No Man's Land,98,7.9,I) (,https://www.imdb.com//title/tt0283509/
The Bourne Identity,119,7.9,2002,https://www.imdb.com//title/tt0258463/
Nueve reinas,114,7.9,2000,https://www.imdb.com//title/tt0247586/
Children of Men,109,7.9,2006,https://www.imdb.com//title/tt0206634/
Wo hu cang long,120,7.9,2000,https://www.imdb.com//title/tt0190332/
Almost Famous,122,7.9,2000,https://www.imdb.com//title/tt0181875/
Dancer in the Dark,140,7.9,2000,https://www.imdb.com//title/tt0168629/
Mulholland Dr.,147,7.9,2001,https://www.imdb.com//title/tt0166924/
Shrek,90,7.9,2001,https://www.imdb.com//title/tt0126029/
Toy Story 2,92,7.9,1999,https://www.imdb.com//title/tt0120363/
Titanic,194,7.9,1997,https://www.imdb.com//title/tt0120338/
Knockin' on Heaven's Door,87,7.9,1997,https://www.imdb.com//title/tt0119472/
Boogie Nights,155,7.9,1997,https://www.imdb.com//title/tt0118749/
Mimi wo sumaseba,111,7.9,1995,https://www.imdb.com//title/tt0113824/
Kôkaku Kidôtai,83,7.9,1995,https://www.imdb.com//title/tt0113568/
Once Were Warriors,102,7.9,1994,https://www.imdb.com//title/tt0110729/
True Romance,119,7.9,1993,https://www.imdb.com//title/tt0108399/
Trois couleurs: Bleu,94,7.9,1993,https://www.imdb.com//title/tt0108394/
The Nightmare Before Christmas,76,7.9,1993,https://www.imdb.com//title/tt0107688/
Carlito's Way,144,7.9,1993,https://www.imdb.com//title/tt0106519/
Bound by Honor,180,7.9,1993,https://www.imdb.com//title/tt0106469/
Edward Scissorhands,105,7.9,1990,https://www.imdb.com//title/tt0099487/
My Left Foot: The Story of Christy Brown,103,7.9,1989,https://www.imdb.com//title/tt0097937/
Do the Right Thing,120,7.9,1989,https://www.imdb.com//title/tt0097216/
The Untouchables,119,7.9,1987,https://www.imdb.com//title/tt0094226/
Sacrifice,149,7.9,1986,https://www.imdb.com//title/tt0091670/
Hannah and Her Sisters,107,7.9,1986,https://www.imdb.com//title/tt0091167/
Brazil,132,7.9,1985,https://www.imdb.com//title/tt0088846/
This Is Spinal Tap,82,7.9,1984,https://www.imdb.com//title/tt0088258/
A Christmas Story,93,7.9,1983,https://www.imdb.com//title/tt0085334/
E.T. the Extra-Terrestrial,115,7.9,1982,https://www.imdb.com//title/tt0083866/
Kagemusha,180,7.9,1980,https://www.imdb.com//title/tt0080979/
The Blues Brothers,133,7.9,1980,https://www.imdb.com//title/tt0080455/
Manhattan,96,7.9,1979,https://www.imdb.com//title/tt0079522/
All the President's Men,138,7.9,1976,https://www.imdb.com//title/tt0074119/
Amarcord,123,7.9,1973,https://www.imdb.com//title/tt0071129/
Harold and Maude,91,7.9,1971,https://www.imdb.com//title/tt0067185/
Patton,172,7.9,1970,https://www.imdb.com//title/tt0066206/
Il conformista,113,7.9,1970,https://www.imdb.com//title/tt0065571/
The Wild Bunch,145,7.9,1969,https://www.imdb.com//title/tt0065214/
The Lion in Winter,134,7.9,1968,https://www.imdb.com//title/tt0063227/
In the Heat of the Night,110,7.9,1967,https://www.imdb.com//title/tt0061811/
In Cold Blood,134,7.9,1967,https://www.imdb.com//title/tt0061809/
Doctor Zhivago,197,7.9,1965,https://www.imdb.com//title/tt0059113/
Per un pugno di dollari,99,7.9,1964,https://www.imdb.com//title/tt0058461/
Charade,113,7.9,1963,https://www.imdb.com//title/tt0056923/
Vivre sa vie: Film en douze tableaux,80,7.9,1962,https://www.imdb.com//title/tt0056663/
The Manchurian Candidate,126,7.9,1962,https://www.imdb.com//title/tt0056218/
Spartacus,197,7.9,1960,https://www.imdb.com//title/tt0054331/
Hiroshima mon amour,90,7.9,1959,https://www.imdb.com//title/tt0052893/
Cat on a Hot Tin Roof,108,7.9,1958,https://www.imdb.com//title/tt0051459/
Ascenseur pour l'échafaud,91,7.9,1958,https://www.imdb.com//title/tt0051378/
The Ten Commandments,220,7.9,1956,https://www.imdb.com//title/tt0049833/
The Searchers,119,7.9,1956,https://www.imdb.com//title/tt0049730/
The Big Heat,89,7.9,1953,https://www.imdb.com//title/tt0045555/
A Streetcar Named Desire,122,7.9,1951,https://www.imdb.com//title/tt0044081/
Strangers on a Train,101,7.9,1951,https://www.imdb.com//title/tt0044079/
In a Lonely Place,94,7.9,1950,https://www.imdb.com//title/tt0042593/
Harvey,104,7.9,1950,https://www.imdb.com//title/tt0042546/
Rope,80,7.9,1948,https://www.imdb.com//title/tt0040746/
Miracle on 34th Street,96,7.9,1947,https://www.imdb.com//title/tt0039628/
Notorious,102,7.9,1946,https://www.imdb.com//title/tt0038787/
The Big Sleep,114,7.9,1946,https://www.imdb.com//title/tt0038355/
La belle et la bête,96,7.9,1946,https://www.imdb.com//title/tt0038348/
The Lost Weekend,101,7.9,1945,https://www.imdb.com//title/tt0037884/
Laura,88,7.9,1944,https://www.imdb.com//title/tt0037008/
Arsenic and Old Lace,118,7.9,1943,https://www.imdb.com//title/tt0036613/
Sullivan's Travels,90,7.9,1941,https://www.imdb.com//title/tt0034240/
The Philadelphia Story,112,7.9,1940,https://www.imdb.com//title/tt0032904/
La règle du jeu,110,7.9,1939,https://www.imdb.com//title/tt0031885/
The Adventures of Robin Hood,102,7.9,1938,https://www.imdb.com//title/tt0029843/
The Thin Man,91,7.9,1934,https://www.imdb.com//title/tt0025878/
King Kong,100,7.9,1933,https://www.imdb.com//title/tt0024216/
Freaks,64,7.9,1932,https://www.imdb.com//title/tt0022913/
Nosferatu,94,7.9,1922,https://www.imdb.com//title/tt0013442/
The Gentlemen,113,7.8,2019,https://www.imdb.com//title/tt8367814/
Doragon bôru chô: Burorî,100,7.8,2018,https://www.imdb.com//title/tt7961060/
Hindi Medium,132,7.8,2017,https://www.imdb.com//title/tt5764096/
Call Me by Your Name,132,7.8,2017,https://www.imdb.com//title/tt5726616/
"I, Daniel Blake",100,7.8,2016,https://www.imdb.com//title/tt5168192/
Isle of Dogs,101,7.8,2018,https://www.imdb.com//title/tt5104604/
Dunkirk,106,7.8,2017,https://www.imdb.com//title/tt5013056/
Hidden Figures,127,7.8,2016,https://www.imdb.com//title/tt4846340/
Hunt for the Wilderpeople,101,7.8,2016,https://www.imdb.com//title/tt4698684/
Paddington 2,103,7.8,2017,https://www.imdb.com//title/tt4468740/
Manchester by the Sea,137,7.8,2016,https://www.imdb.com//title/tt4034228/
Under sandet,100,7.8,2015,https://www.imdb.com//title/tt3841424/
Rogue One,133,7.8,2016,https://www.imdb.com//title/tt3748528/
Elvis,159,7.8,2022,https://www.imdb.com//title/tt3704428/
Captain Fantastic,118,7.8,2016,https://www.imdb.com//title/tt3553976/
Captain America: Civil War,147,7.8,2016,https://www.imdb.com//title/tt3498820/
The Hateful Eight,168,7.8,2015,https://www.imdb.com//title/tt3460252/
Little Women,135,7.8,2019,https://www.imdb.com//title/tt3281548/
Loving Vincent,94,7.8,2017,https://www.imdb.com//title/tt3262342/
Pride,119,7.8,I) (,https://www.imdb.com//title/tt3169706/
Nightcrawler,117,7.8,2014,https://www.imdb.com//title/tt2872718/
Star Wars: Episode VII - The Force Awakens,138,7.8,2015,https://www.imdb.com//title/tt2488496/
The Lunchbox,104,7.8,2013,https://www.imdb.com//title/tt2350496/
Vicky Donor,126,7.8,2012,https://www.imdb.com//title/tt2317337/
Big Hero 6,102,7.8,2014,https://www.imdb.com//title/tt2245084/
About Time,123,7.8,I) (,https://www.imdb.com//title/tt2194499/
English Vinglish,134,7.8,2012,https://www.imdb.com//title/tt2181931/
La migliore offerta,131,7.8,2013,https://www.imdb.com//title/tt1924396/
Captain America: The Winter Soldier,136,7.8,2014,https://www.imdb.com//title/tt1843866/
Bir Zamanlar Anadolu'da,157,7.8,2011,https://www.imdb.com//title/tt1827487/
Moonrise Kingdom,94,7.8,2012,https://www.imdb.com//title/tt1748122/
How to Train Your Dragon 2,102,7.8,2014,https://www.imdb.com//title/tt1646971/
The Big Short,130,7.8,2015,https://www.imdb.com//title/tt1596363/
Ang-ma-reul bo-at-da,144,7.8,2010,https://www.imdb.com//title/tt1588170/
The Girl with the Dragon Tattoo,158,7.8,2011,https://www.imdb.com//title/tt1568346/
Captain Phillips,134,7.8,2013,https://www.imdb.com//title/tt1535109/
Straight Outta Compton,147,7.8,2015,https://www.imdb.com//title/tt1398426/
The Irishman,209,7.8,2019,https://www.imdb.com//title/tt1302006/
The Social Network,120,7.8,2010,https://www.imdb.com//title/tt1285016/
Un prophète,155,7.8,2009,https://www.imdb.com//title/tt1235166/
Madeo,129,7.8,2009,https://www.imdb.com//title/tt1216496/
Chugyeokja,125,7.8,2008,https://www.imdb.com//title/tt1190539/
Moon,97,7.8,2009,https://www.imdb.com//title/tt1182345/
The Hobbit: The Desolation of Smaug,161,7.8,2013,https://www.imdb.com//title/tt1170358/
Das weiße Band - Eine deutsche Kindergeschichte,144,7.8,2009,https://www.imdb.com//title/tt1149362/
Män som hatar kvinnor,152,7.8,2009,https://www.imdb.com//title/tt1132620/
Skyfall,143,7.8,2012,https://www.imdb.com//title/tt1074638/
The Fighter,116,7.8,I) (,https://www.imdb.com//title/tt0964517/
Taken,90,7.8,I) (,https://www.imdb.com//title/tt0936501/
Once,86,7.8,I) (,https://www.imdb.com//title/tt0907657/
The Hobbit: An Unexpected Journey,169,7.8,2012,https://www.imdb.com//title/tt0903624/
Changeling,141,7.8,2008,https://www.imdb.com//title/tt0824747/
Atonement,123,7.8,2007,https://www.imdb.com//title/tt0783233/
Drive,100,7.8,I) (,https://www.imdb.com//title/tt0780504/
American Gangster,157,7.8,2007,https://www.imdb.com//title/tt0765429/
Avatar,162,7.8,2009,https://www.imdb.com//title/tt0499549/
Mr. Nobody,141,7.8,2009,https://www.imdb.com//title/tt0485947/
Apocalypto,139,7.8,2006,https://www.imdb.com//title/tt0472043/
The Fall,117,7.8,2006,https://www.imdb.com//title/tt0460791/
Little Miss Sunshine,101,7.8,2006,https://www.imdb.com//title/tt0449059/
Hot Fuzz,121,7.8,2007,https://www.imdb.com//title/tt0425112/
The Curious Case of Benjamin Button,166,7.8,2008,https://www.imdb.com//title/tt0421715/
Veer-Zaara,192,7.8,2004,https://www.imdb.com//title/tt0420332/
Pride & Prejudice,129,7.8,2005,https://www.imdb.com//title/tt0414387/
The World's Fastest Indian,127,7.8,2005,https://www.imdb.com//title/tt0412080/
Tôkyô goddofâzâzu,90,7.8,2003,https://www.imdb.com//title/tt0388473/
Serenity,119,7.8,2005,https://www.imdb.com//title/tt0379786/
Crash,112,7.8,I) (,https://www.imdb.com//title/tt0375679/
Les choristes,97,7.8,2004,https://www.imdb.com//title/tt0372824/
Walk the Line,136,7.8,2005,https://www.imdb.com//title/tt0358273/
The Notebook,123,7.8,2004,https://www.imdb.com//title/tt0332280/
The Last Samurai,154,7.8,2003,https://www.imdb.com//title/tt0325710/
Diarios de motocicleta,126,7.8,2004,https://www.imdb.com//title/tt0318462/
Lilja 4-ever,109,7.8,2002,https://www.imdb.com//title/tt0300140/
Sennen joyû,87,7.8,2001,https://www.imdb.com//title/tt0291350/
Cowboy Bebop: Tengoku no tobira,115,7.8,2001,https://www.imdb.com//title/tt0275277/
Gongdong gyeongbi guyeok JSA,110,7.8,2000,https://www.imdb.com//title/tt0260991/
Remember the Titans,113,7.8,2000,https://www.imdb.com//title/tt0210945/
Todo sobre mi madre,101,7.8,1999,https://www.imdb.com//title/tt0185125/
Cast Away,143,7.8,2000,https://www.imdb.com//title/tt0162222/
The Insider,157,7.8,1999,https://www.imdb.com//title/tt0140352/
October Sky,108,7.8,1999,https://www.imdb.com//title/tt0132477/
Being John Malkovich,113,7.8,1999,https://www.imdb.com//title/tt0120601/
Gattaca,106,7.8,1997,https://www.imdb.com//title/tt0119177/
Hamlet,242,7.8,1996,https://www.imdb.com//title/tt0116477/
Breaking the Waves,159,7.8,1996,https://www.imdb.com//title/tt0115751/
Ed Wood,127,7.8,1994,https://www.imdb.com//title/tt0109707/
Tombstone,130,7.8,1993,https://www.imdb.com//title/tt0108358/
The Sandlot,101,7.8,1993,https://www.imdb.com//title/tt0108037/
The Remains of the Day,134,7.8,1993,https://www.imdb.com//title/tt0107943/
Jûbê ninpûchô,94,7.8,1993,https://www.imdb.com//title/tt0107692/
The Fugitive,130,7.8,1993,https://www.imdb.com//title/tt0106977/
A Bronx Tale,121,7.8,1993,https://www.imdb.com//title/tt0106489/
Batman: Mask of the Phantasm,76,7.8,1993,https://www.imdb.com//title/tt0106364/
Boyz n the Hood,112,7.8,1991,https://www.imdb.com//title/tt0101507/
Misery,107,7.8,1990,https://www.imdb.com//title/tt0100157/
Awakenings,121,7.8,1990,https://www.imdb.com//title/tt0099077/
Majo no takkyûbin,103,7.8,1989,https://www.imdb.com//title/tt0097814/
Glory,122,7.8,1989,https://www.imdb.com//title/tt0097441/
Dip huet seung hung,111,7.8,1989,https://www.imdb.com//title/tt0097202/
Crimes and Misdemeanors,104,7.8,1989,https://www.imdb.com//title/tt0097123/
Back to the Future Part II,108,7.8,1989,https://www.imdb.com//title/tt0096874/
Mississippi Burning,128,7.8,1988,https://www.imdb.com//title/tt0095647/
Predator,107,7.8,1987,https://www.imdb.com//title/tt0093773/
Ferris Bueller's Day Off,103,7.8,1986,https://www.imdb.com//title/tt0091042/
The Breakfast Club,97,7.8,1985,https://www.imdb.com//title/tt0088847/
The Killing Fields,141,7.8,1984,https://www.imdb.com//title/tt0087553/
Ghostbusters,105,7.8,1984,https://www.imdb.com//title/tt0087332/
The Right Stuff,193,7.8,1983,https://www.imdb.com//title/tt0086197/
The King of Comedy,109,7.8,1982,https://www.imdb.com//title/tt0085794/
Kramer vs. Kramer,105,7.8,1979,https://www.imdb.com//title/tt0079417/
All That Jazz,123,7.8,1979,https://www.imdb.com//title/tt0078754/
Days of Heaven,94,7.8,1978,https://www.imdb.com//title/tt0077405/
Dawn of the Dead,127,7.8,1978,https://www.imdb.com//title/tt0077402/
The Outlaw Josey Wales,135,7.8,1976,https://www.imdb.com//title/tt0075029/
The Man Who Would Be King,129,7.8,1975,https://www.imdb.com//title/tt0073341/
La montaña sagrada,114,7.8,1973,https://www.imdb.com//title/tt0071615/
The Conversation,113,7.8,1974,https://www.imdb.com//title/tt0071360/
The Day of the Jackal,143,7.8,1973,https://www.imdb.com//title/tt0069947/
Le charme discret de la bourgeoisie,102,7.8,1972,https://www.imdb.com//title/tt0068361/
"Aguirre, der Zorn Gottes",95,7.8,1972,https://www.imdb.com//title/tt0068182/
Willy Wonka & the Chocolate Factory,100,7.8,1971,https://www.imdb.com//title/tt0067992/
Midnight Cowboy,113,7.8,1969,https://www.imdb.com//title/tt0064665/
Night of the Living Dead,96,7.8,1968,https://www.imdb.com//title/tt0063350/
Guess Who's Coming to Dinner,108,7.8,1967,https://www.imdb.com//title/tt0061735/
Les parapluies de Cherbourg,91,7.8,1964,https://www.imdb.com//title/tt0058450/
My Fair Lady,170,7.8,1964,https://www.imdb.com//title/tt0058385/
Mary Poppins,139,7.8,1964,https://www.imdb.com//title/tt0058331/
The Innocents,100,7.8,1961,https://www.imdb.com//title/tt0055018/
L'avventura,144,7.8,1960,https://www.imdb.com//title/tt0053619/
East of Eden,118,7.8,1955,https://www.imdb.com//title/tt0048028/
The Day the Earth Stood Still,92,7.8,1951,https://www.imdb.com//title/tt0043456/
The Asphalt Jungle,112,7.8,1950,https://www.imdb.com//title/tt0042208/
Red River,133,7.8,1948,https://www.imdb.com//title/tt0040724/
To Have and Have Not,100,7.8,1944,https://www.imdb.com//title/tt0037382/
Gaslight,114,7.8,1944,https://www.imdb.com//title/tt0036855/
Shadow of a Doubt,108,7.8,1943,https://www.imdb.com//title/tt0036342/
His Girl Friday,92,7.8,1940,https://www.imdb.com//title/tt0032599/
Stagecoach,96,7.8,1939,https://www.imdb.com//title/tt0031971/
You Can't Take It with You,126,7.8,1938,https://www.imdb.com//title/tt0030993/
The Lady Vanishes,96,7.8,1938,https://www.imdb.com//title/tt0030341/
Bringing Up Baby,102,7.8,1938,https://www.imdb.com//title/tt0029947/
A Night at the Opera,96,7.8,1935,https://www.imdb.com//title/tt0026778/
Bride of Frankenstein,75,7.8,1935,https://www.imdb.com//title/tt0026138/
Duck Soup,69,7.8,1933,https://www.imdb.com//title/tt0023969/
Frankenstein,70,7.8,1931,https://www.imdb.com//title/tt0021884/
Roma,135,7.7,2018,https://www.imdb.com//title/tt6155172/
Deadpool 2,119,7.7,2018,https://www.imdb.com//title/tt5463162/
Sound of Metal,120,7.7,2019,https://www.imdb.com//title/tt5363618/
Wind River,107,7.7,2017,https://www.imdb.com//title/tt5362988/
Forushande,124,7.7,2016,https://www.imdb.com//title/tt5186714/
Get Out,104,7.7,I) (,https://www.imdb.com//title/tt5052448/
Mission: Impossible - Fallout,147,7.7,2018,https://www.imdb.com//title/tt4912910/
Perfetti sconosciuti,96,7.7,2016,https://www.imdb.com//title/tt4901306/
Udta Punjab,148,7.7,2016,https://www.imdb.com//title/tt4434004/
Kubo and the Two Strings,101,7.7,2016,https://www.imdb.com//title/tt4302938/
En man som heter Ove,116,7.7,2015,https://www.imdb.com//title/tt4080728/
Omoide no Mânî,103,7.7,2014,https://www.imdb.com//title/tt3398268/
The Theory of Everything,123,7.7,2014,https://www.imdb.com//title/tt2980516/
Kingsman: The Secret Service,129,7.7,2014,https://www.imdb.com//title/tt2802144/
The Fault in Our Stars,126,7.7,2014,https://www.imdb.com//title/tt2582846/
Me and Earl and the Dying Girl,105,7.7,2015,https://www.imdb.com//title/tt2582496/
Birdman or (The Unexpected Virtue of Ignorance),119,7.7,2014,https://www.imdb.com//title/tt2562232/
Le passé,130,7.7,2013,https://www.imdb.com//title/tt2404461/
La grande bellezza,141,7.7,2013,https://www.imdb.com//title/tt2358891/
La vie d'Adèle,180,7.7,2013,https://www.imdb.com//title/tt2278871/
The Broken Circle Breakdown,111,7.7,2012,https://www.imdb.com//title/tt2024519/
Kaze tachinu,126,7.7,2013,https://www.imdb.com//title/tt2013293/
Toy Story 4,100,7.7,2019,https://www.imdb.com//title/tt1979376/
Nebraska,115,7.7,2013,https://www.imdb.com//title/tt1821549/
Wreck-It Ralph,101,7.7,2012,https://www.imdb.com//title/tt1772341/
Le Petit Prince,108,7.7,2015,https://www.imdb.com//title/tt1754656/
Detachment,98,7.7,2011,https://www.imdb.com//title/tt1683526/
Midnight in Paris,94,7.7,2011,https://www.imdb.com//title/tt1605783/
Kokuhaku,106,7.7,2010,https://www.imdb.com//title/tt1590089/
Ajeossi,119,7.7,2010,https://www.imdb.com//title/tt1527788/
The Lego Movie,100,7.7,2014,https://www.imdb.com//title/tt1490017/
Gravity,91,7.7,2013,https://www.imdb.com//title/tt1454468/
Star Trek Into Darkness,132,7.7,2013,https://www.imdb.com//title/tt1408101/
Beasts of No Nation,137,7.7,2015,https://www.imdb.com//title/tt1365050/
X: First Class,131,7.7,2011,https://www.imdb.com//title/tt1270798/
The Hangover,100,7.7,2009,https://www.imdb.com//title/tt1119646/
The Trial of the Chicago 7,129,7.7,2020,https://www.imdb.com//title/tt1070874/
Silver Linings Playbook,122,7.7,2012,https://www.imdb.com//title/tt1045658/
Druk,117,7.7,2020,https://www.imdb.com//title/tt10288566/
Argo,120,7.7,2012,https://www.imdb.com//title/tt1024648/
(500) Days of Summer,95,7.7,2009,https://www.imdb.com//title/tt1022603/
Harry Potter and the Deathly Hallows: Part 1,146,7.7,2010,https://www.imdb.com//title/tt0926084/
The Boy in the Striped Pajamas,94,7.7,2008,https://www.imdb.com//title/tt0914798/
Auf der anderen Seite,122,7.7,2007,https://www.imdb.com//title/tt0880502/
Frost/Nixon,122,7.7,2008,https://www.imdb.com//title/tt0870111/
Papurika,90,7.7,2006,https://www.imdb.com//title/tt0851578/
Flipped,90,7.7,I) (,https://www.imdb.com//title/tt0817177/
Toki o kakeru shôjo,98,7.7,2006,https://www.imdb.com//title/tt0808506/
This Is England,101,7.7,2006,https://www.imdb.com//title/tt0480025/
Ex Machina,108,7.7,2014,https://www.imdb.com//title/tt0470752/
Efter brylluppet,120,7.7,2006,https://www.imdb.com//title/tt0457655/
Zodiac,157,7.7,2007,https://www.imdb.com//title/tt0443706/
Lucky Number Slevin,110,7.7,2006,https://www.imdb.com//title/tt0425210/
Joyeux Noël,116,7.7,2005,https://www.imdb.com//title/tt0424205/
Control,122,7.7,2007,https://www.imdb.com//title/tt0421082/
Adams æbler,94,7.7,2005,https://www.imdb.com//title/tt0418455/
Tangled,100,7.7,2010,https://www.imdb.com//title/tt0398286/
Zwartboek,145,7.7,2006,https://www.imdb.com//title/tt0389557/
Brokeback Mountain,134,7.7,2005,https://www.imdb.com//title/tt0388795/
3:10 to Yuma,122,7.7,2007,https://www.imdb.com//title/tt0381849/
Kung fu,99,7.7,2004,https://www.imdb.com//title/tt0373074/
The Bourne Supremacy,108,7.7,2004,https://www.imdb.com//title/tt0372183/
The Machinist,101,7.7,2004,https://www.imdb.com//title/tt0361862/
Ray,152,7.7,I) (,https://www.imdb.com//title/tt0350258/
Ondskan,113,7.7,2003,https://www.imdb.com//title/tt0338309/
Lost in Translation,102,7.7,2003,https://www.imdb.com//title/tt0335266/
Harry Potter and the Goblet of Fire,157,7.7,2005,https://www.imdb.com//title/tt0330373/
Man on Fire,146,7.7,2004,https://www.imdb.com//title/tt0328107/
Coraline,100,7.7,2009,https://www.imdb.com//title/tt0327597/
The Magdalene Sisters,114,7.7,2002,https://www.imdb.com//title/tt0318411/
21 Grams,124,7.7,2003,https://www.imdb.com//title/tt0315733/
Finding Neverland,106,7.7,2004,https://www.imdb.com//title/tt0308644/
Good Bye Lenin!,121,7.7,2003,https://www.imdb.com//title/tt0301357/
In America,105,7.7,2002,https://www.imdb.com//title/tt0298845/
Les triplettes de Belleville,80,7.7,2003,https://www.imdb.com//title/tt0286244/
Adaptation.,115,7.7,2002,https://www.imdb.com//title/tt0268126/
Black Hawk Down,144,7.7,2001,https://www.imdb.com//title/tt0265086/
Road to Perdition,117,7.7,2002,https://www.imdb.com//title/tt0257044/
Das Experiment,120,7.7,2001,https://www.imdb.com//title/tt0250258/
Billy Elliot,110,7.7,2000,https://www.imdb.com//title/tt0249462/
Hedwig and the Angry Inch,95,7.7,2001,https://www.imdb.com//title/tt0248845/
The Count of Monte Cristo,131,7.7,2002,https://www.imdb.com//title/tt0245844/
Y tu mamá también,106,7.7,2001,https://www.imdb.com//title/tt0245574/
Waking Life,99,7.7,2001,https://www.imdb.com//title/tt0243017/
Ocean's Eleven,116,7.7,2001,https://www.imdb.com//title/tt0240772/
"O Brother, Where Art Thou?",107,7.7,2000,https://www.imdb.com//title/tt0190590/
Minority Report,145,7.7,2002,https://www.imdb.com//title/tt0181689/
"South Park: Bigger, Longer & Uncut",81,7.7,1999,https://www.imdb.com//title/tt0158983/
Office Space,89,7.7,1999,https://www.imdb.com//title/tt0151804/
Happiness,134,7.7,1998,https://www.imdb.com//title/tt0147612/
The Boondock Saints,108,7.7,1999,https://www.imdb.com//title/tt0144117/
Training Day,122,7.7,2001,https://www.imdb.com//title/tt0139654/
Lola rennt,81,7.7,1998,https://www.imdb.com//title/tt0130827/
Abre los ojos,119,7.7,1997,https://www.imdb.com//title/tt0125659/
Ta'm e guilass,95,7.7,1997,https://www.imdb.com//title/tt0120265/
As Good as It Gets,139,7.7,1997,https://www.imdb.com//title/tt0119822/
Hana-bi,103,7.7,1997,https://www.imdb.com//title/tt0119250/
The Game,129,7.7,1997,https://www.imdb.com//title/tt0119174/
Donnie Brasco,127,7.7,1997,https://www.imdb.com//title/tt0119008/
Chun gwong cha sit,96,7.7,1997,https://www.imdb.com//title/tt0118845/
Shine,105,7.7,1996,https://www.imdb.com//title/tt0117631/
Primal Fear,129,7.7,1996,https://www.imdb.com//title/tt0117381/
Sense and Sensibility,136,7.7,1995,https://www.imdb.com//title/tt0114388/
Apollo 13,140,7.7,I) (,https://www.imdb.com//title/tt0112384/
Il postino,108,7.7,1994,https://www.imdb.com//title/tt0110877/
Clerks,92,7.7,1994,https://www.imdb.com//title/tt0109445/
What's Eating Gilbert Grape,118,7.7,1993,https://www.imdb.com//title/tt0108550/
Short Cuts,188,7.7,1993,https://www.imdb.com//title/tt0108122/
Philadelphia,125,7.7,1993,https://www.imdb.com//title/tt0107818/
Naked,131,7.7,1993,https://www.imdb.com//title/tt0107653/
The Muppet Christmas Carol,85,7.7,1992,https://www.imdb.com//title/tt0104940/
Malcolm X,202,7.7,1992,https://www.imdb.com//title/tt0104797/
The Last of the Mohicans,112,7.7,1992,https://www.imdb.com//title/tt0104691/
Lat sau san taam,128,7.7,1992,https://www.imdb.com//title/tt0104684/
Kurenai no buta,94,7.7,1992,https://www.imdb.com//title/tt0104652/
Glengarry Glen Ross,100,7.7,1992,https://www.imdb.com//title/tt0104348/
A Few Good Men,138,7.7,1992,https://www.imdb.com//title/tt0104257/
Night on Earth,129,7.7,1991,https://www.imdb.com//title/tt0102536/
Fried Green Tomatoes,130,7.7,1991,https://www.imdb.com//title/tt0101921/
La double vie de Véronique,98,7.7,1991,https://www.imdb.com//title/tt0101765/
Yume,119,7.7,1990,https://www.imdb.com//title/tt0100998/
Miller's Crossing,115,7.7,1990,https://www.imdb.com//title/tt0100150/
Home Alone,103,7.7,1990,https://www.imdb.com//title/tt0099785/
When Harry Met Sally...,95,7.7,1989,https://www.imdb.com//title/tt0098635/
Who Framed Roger Rabbit,104,7.7,1988,https://www.imdb.com//title/tt0096438/
Spoorloos,107,7.7,1988,https://www.imdb.com//title/tt0096163/
The Last Emperor,163,7.7,1987,https://www.imdb.com//title/tt0093389/
Evil Dead II,84,7.7,1987,https://www.imdb.com//title/tt0092991/
Empire of the Sun,153,7.7,1987,https://www.imdb.com//title/tt0092965/
Der Name der Rose,130,7.7,1986,https://www.imdb.com//title/tt0091605/
Down by Law,107,7.7,1986,https://www.imdb.com//title/tt0090967/
Blue Velvet,120,7.7,1986,https://www.imdb.com//title/tt0090756/
The Purple Rose of Cairo,82,7.7,1985,https://www.imdb.com//title/tt0089853/
The Goonies,114,7.7,1985,https://www.imdb.com//title/tt0089218/
The Color Purple,154,7.7,1985,https://www.imdb.com//title/tt0088939/
Zelig,79,7.7,1983,https://www.imdb.com//title/tt0086637/
The Verdict,129,7.7,1982,https://www.imdb.com//title/tt0084855/
Star Trek II: The Wrath of Khan,113,7.7,1982,https://www.imdb.com//title/tt0084726/
First Blood,93,7.7,1982,https://www.imdb.com//title/tt0083944/
Ordinary People,124,7.7,1980,https://www.imdb.com//title/tt0081283/
Airplane!,88,7.7,1980,https://www.imdb.com//title/tt0080339/
Halloween,91,7.7,1978,https://www.imdb.com//title/tt0077651/
Nashville,160,7.7,1975,https://www.imdb.com//title/tt0073440/
Love and Death,85,7.7,1975,https://www.imdb.com//title/tt0073312/
Blazing Saddles,93,7.7,1974,https://www.imdb.com//title/tt0071230/
Serpico,130,7.7,1973,https://www.imdb.com//title/tt0070666/
La planète sauvage,72,7.7,1973,https://www.imdb.com//title/tt0070544/
Badlands,94,7.7,1973,https://www.imdb.com//title/tt0069762/
Deliverance,109,7.7,1972,https://www.imdb.com//title/tt0068473/
Cabaret,124,7.7,1972,https://www.imdb.com//title/tt0068327/
The French Connection,104,7.7,1971,https://www.imdb.com//title/tt0067116/
Dirty Harry,102,7.7,1971,https://www.imdb.com//title/tt0066999/
Wait Until Dark,108,7.7,1967,https://www.imdb.com//title/tt0062467/
The Dirty Dozen,150,7.7,1967,https://www.imdb.com//title/tt0061578/
Bonnie and Clyde,111,7.7,1967,https://www.imdb.com//title/tt0061418/
Belle de jour,100,7.7,1967,https://www.imdb.com//title/tt0061395/
A Man for All Seasons,120,7.7,1966,https://www.imdb.com//title/tt0060665/
Zulu,138,7.7,1964,https://www.imdb.com//title/tt0058777/
Goldfinger,110,7.7,1964,https://www.imdb.com//title/tt0058150/
The Longest Day,178,7.7,1962,https://www.imdb.com//title/tt0056197/
Cape Fear,106,7.7,1962,https://www.imdb.com//title/tt0055824/
Jules et Jim,105,7.7,1962,https://www.imdb.com//title/tt0055032/
The Magnificent Seven,128,7.7,1960,https://www.imdb.com//title/tt0054047/
À bout de souffle,90,7.7,1960,https://www.imdb.com//title/tt0053472/
Invasion of the Body Snatchers,80,7.7,1956,https://www.imdb.com//title/tt0049366/
The Caine Mutiny,124,7.7,1954,https://www.imdb.com//title/tt0046816/
The Quiet Man,129,7.7,1952,https://www.imdb.com//title/tt0045061/
The African Queen,105,7.7,1951,https://www.imdb.com//title/tt0043265/
Key Largo,100,7.7,1948,https://www.imdb.com//title/tt0040506/
Fantasia,125,7.7,1940,https://www.imdb.com//title/tt0032455/
Scarface,93,7.7,1932,https://www.imdb.com//title/tt0023427/
Dark Waters,126,7.6,2019,https://www.imdb.com//title/tt9071322/
The Mitchells vs the Machines,114,7.6,2021,https://www.imdb.com//title/tt7979580/
Searching,102,7.6,III),https://www.imdb.com//title/tt7668870/
Once Upon a Time in... Hollywood,161,7.6,2019,https://www.imdb.com//title/tt7131622/
Guardians of the Galaxy Vol. 2,136,7.6,2017,https://www.imdb.com//title/tt3896198/
Bridge of Spies,142,7.6,2015,https://www.imdb.com//title/tt3682448/
Incredibles 2,118,7.6,2018,https://www.imdb.com//title/tt3606756/
Moana,107,7.6,I) (,https://www.imdb.com//title/tt3521164/
What We Do in the Shadows,86,7.6,2014,https://www.imdb.com//title/tt3416742/
Sicario,121,7.6,2015,https://www.imdb.com//title/tt3397884/
Creed,133,7.6,II) ,https://www.imdb.com//title/tt3076658/
Leviafan,140,7.6,2014,https://www.imdb.com//title/tt2802154/
Hell or High Water,102,7.6,II) ,https://www.imdb.com//title/tt2582782/
Philomena,98,7.6,2013,https://www.imdb.com//title/tt2431286/
Dawn of the Planet of the Apes,130,7.6,2014,https://www.imdb.com//title/tt2103281/
Serbuan maut,101,7.6,2011,https://www.imdb.com//title/tt1899353/
End of Watch,109,7.6,2012,https://www.imdb.com//title/tt1855199/
A Star Is Born,136,7.6,2018,https://www.imdb.com//title/tt1517451/
True Grit,110,7.6,2010,https://www.imdb.com//title/tt1403865/
Despicable Me,95,7.6,2010,https://www.imdb.com//title/tt1323594/
50/50,100,7.6,2011,https://www.imdb.com//title/tt1306980/
Kick-Ass,117,7.6,2010,https://www.imdb.com//title/tt1250777/
Celda 211,113,7.6,2009,https://www.imdb.com//title/tt1242422/
Moneyball,133,7.6,2011,https://www.imdb.com//title/tt1210166/
La piel que habito,120,7.6,2011,https://www.imdb.com//title/tt1189073/
Zombieland,88,7.6,2009,https://www.imdb.com//title/tt1156398/
The Blind Side,129,7.6,2009,https://www.imdb.com//title/tt0878804/
Gake no ue no Ponyo,101,7.6,2008,https://www.imdb.com//title/tt0876563/
Superbad,113,7.6,2007,https://www.imdb.com//title/tt0829482/
Seven Pounds,123,7.6,2008,https://www.imdb.com//title/tt0814314/
Eastern Promises,100,7.6,2007,https://www.imdb.com//title/tt0765443/
Stardust,127,7.6,2007,https://www.imdb.com//title/tt0486655/
United 93,111,7.6,2006,https://www.imdb.com//title/tt0475276/
The Last King of Scotland,123,7.6,2006,https://www.imdb.com//title/tt0455590/
Inside Man,129,7.6,2006,https://www.imdb.com//title/tt0454848/
Gone Baby Gone,114,7.6,2007,https://www.imdb.com//title/tt0452623/
Kung Fu Panda,92,7.6,2008,https://www.imdb.com//title/tt0441773/
300,117,7.6,2006,https://www.imdb.com//title/tt0416449/
Match Point,124,7.6,2005,https://www.imdb.com//title/tt0416320/
Watchmen,162,7.6,2009,https://www.imdb.com//title/tt0409459/
Lord of War,122,7.6,2005,https://www.imdb.com//title/tt0399295/
Saw,103,7.6,2004,https://www.imdb.com//title/tt0387564/
Vera Drake,125,7.6,2004,https://www.imdb.com//title/tt0383694/
Un long dimanche de fiançailles,133,7.6,2004,https://www.imdb.com//title/tt0344510/
The Station Agent,89,7.6,2003,https://www.imdb.com//title/tt0340377/
Love Actually,135,7.6,2003,https://www.imdb.com//title/tt0314331/
25th Hour,135,7.6,2002,https://www.imdb.com//title/tt0307901/
The Butterfly Effect,113,7.6,2004,https://www.imdb.com//title/tt0289879/
I Am Sam,132,7.6,2001,https://www.imdb.com//title/tt0277027/
The Royal Tenenbaums,110,7.6,2001,https://www.imdb.com//title/tt0265666/
Harry Potter and the Sorcerer's Stone,152,7.6,2001,https://www.imdb.com//title/tt0241527/
The Others,101,7.6,2001,https://www.imdb.com//title/tt0230600/
Traffic,147,7.6,2000,https://www.imdb.com//title/tt0181865/
American Psycho,102,7.6,2000,https://www.imdb.com//title/tt0144084/
Rushmore,93,7.6,1998,https://www.imdb.com//title/tt0128445/
Star Wars: Episode III - Revenge of the Sith,140,7.6,2005,https://www.imdb.com//title/tt0121766/
The Thin Red Line,170,7.6,1998,https://www.imdb.com//title/tt0120863/
Mulan,88,7.6,1998,https://www.imdb.com//title/tt0120762/
The Fifth Element,126,7.6,1997,https://www.imdb.com//title/tt0119116/
Le dîner de cons,80,7.6,1998,https://www.imdb.com//title/tt0119038/
Dark City,100,7.6,1998,https://www.imdb.com//title/tt0118929/
Die Hard: With a Vengeance,128,7.6,1995,https://www.imdb.com//title/tt0112864/
The Bridges of Madison County,135,7.6,1995,https://www.imdb.com//title/tt0112579/
Trois couleurs: Blanc,92,7.6,1994,https://www.imdb.com//title/tt0111507/
My Cousin Vinny,120,7.6,1992,https://www.imdb.com//title/tt0104952/
Barton Fink,116,7.6,1991,https://www.imdb.com//title/tt0101410/
The Godfather Part III,162,7.6,1990,https://www.imdb.com//title/tt0099674/
The Little Mermaid,83,7.6,1989,https://www.imdb.com//title/tt0097757/
The Naked Gun: From the Files of Police Squad!,85,7.6,1988,https://www.imdb.com//title/tt0095705/
RoboCop,102,7.6,1987,https://www.imdb.com//title/tt0093870/
Lethal Weapon,109,7.6,1987,https://www.imdb.com//title/tt0093409/
The Fly,96,7.6,1986,https://www.imdb.com//title/tt0091064/
After Hours,97,7.6,I) (,https://www.imdb.com//title/tt0088680/
Mad Max 2,96,7.6,1981,https://www.imdb.com//title/tt0082694/
Close Encounters of the Third Kind,138,7.6,1977,https://www.imdb.com//title/tt0075860/
The Taking of Pelham One Two Three,104,7.6,1974,https://www.imdb.com//title/tt0072251/
Enter the Dragon,102,7.6,1973,https://www.imdb.com//title/tt0070034/
Where Eagles Dare,158,7.6,1968,https://www.imdb.com//title/tt0065207/
The Odd Couple,105,7.6,1968,https://www.imdb.com//title/tt0063374/
The Jungle Book,78,7.6,1967,https://www.imdb.com//title/tt0061852/
Repulsion,105,7.6,1965,https://www.imdb.com//title/tt0059646/
The Birds,119,7.6,1963,https://www.imdb.com//title/tt0056869/
Breakfast at Tiffany's,115,7.6,1961,https://www.imdb.com//title/tt0054698/
Peeping Tom,101,7.6,1960,https://www.imdb.com//title/tt0054167/
Les yeux sans visage,90,7.6,1960,https://www.imdb.com//title/tt0053459/
Rebel Without a Cause,111,7.6,1955,https://www.imdb.com//title/tt0048545/
Sabrina,113,7.6,1954,https://www.imdb.com//title/tt0047437/
From Here to Eternity,118,7.6,1953,https://www.imdb.com//title/tt0045793/
Snow White and the Seven Dwarfs,83,7.6,1937,https://www.imdb.com//title/tt0029583/
The 39 Steps,86,7.6,1935,https://www.imdb.com//title/tt0026029/
The Invisible Man,71,7.6,1933,https://www.imdb.com//title/tt0024184/
